{"cameraMode":{"drawMode":0,"name":"Shaded","section":"Shading Mode"},"sceneLighting":true,"audioPlay":false,"sceneViewState":{"showFog":true,"showMaterialUpdate":false,"showSkybox":true,"showFlares":true,"showImageEffects":true,"showParticleSystems":true},"in2DMode":false,"pivot":{"x":-27.645952224731447,"y":11.271833419799805,"z":87.69854736328125},"rotation":{"x":-0.06605158001184464,"y":0.0003129692340735346,"z":0.0000013282234476719169,"w":-0.9978484511375427},"size":28.64719009399414,"orthographic":false}